<?xml version="1.0" encoding="UTF-8"?>
<beans xmlns="http://www.springframework.org/schema/beans"
	xmlns:xsi="http://www.w3.org/2001/XMLSchema-instance"
	xsi:schemaLocation="http://www.springframework.org/schema/beans http://www.springframework.org/schema/beans/spring-beans.xsd">
	
	<!-- Root Context: defines shared resources visible to all other web components -->
		
		<bean id="userValidator" class="com.web.myportal.UserValidator"></bean>
		<bean id="projectValidator" class="com.web.myportal.ProjectValidator"></bean>
		<bean id="bidsValidator" class="com.web.myportal.BidsValidator"></bean>
		<bean id="paymentValidator" class="com.web.myportal.PaymentValidator"></bean>
			
</beans>
